{"kyc_docs.pdf": 1749364541.2816715, "payments_docs.pdf": 1749364852.349642, "profile_docs.pdf": 1749364660.5427449}