{"kyc_docs.pdf": 1750255756.0629702, "payments_docs.pdf": 1750255756.0706654, "profile_docs.pdf": 1749364660.5427449}